label_pred,row_index
Staff,6908
Staff,4443
Staff,4459
Staff,3923
Care received,6555
Staff,7402
Staff,1237
Environment/ facilities,1596
Staff,6913
Couldn't be improved,9079
Staff,3176
Care received,4763
Staff,5375
Couldn't be improved,9451
Care received,4412
Dignity,1554
Miscellaneous,8273
Care received,4440
Staff,2879
Care received,515
Couldn't be improved,9117
Couldn't be improved,9906
Access,10004
Care received,6745
Care received,706
Care received,3431
Care received,2277
Couldn't be improved,9544
Care received,1599
Care received,10293
Staff,5935
Couldn't be improved,9197
Staff,1409
Couldn't be improved,8195
Staff,6508
Care received,3876
Environment/ facilities,539
Couldn't be improved,435
Couldn't be improved,9840
Couldn't be improved,8917
Environment/ facilities,41
Staff,8342
Staff,1387
Staff,1107
Environment/ facilities,8198
Staff,10056
Couldn't be improved,9503
Care received,3154
Environment/ facilities,5913
Care received,3438
Couldn't be improved,4034
Care received,6226
Staff,1192
Care received,3908
Couldn't be improved,537
Care received,6872
Access,8644
Staff,7598
Access,8335
Staff,7301
Environment/ facilities,8097
Care received,370
Care received,6474
Couldn't be improved,8816
Communication,8165
Communication,5891
Care received,4583
Staff,5076
Staff,2219
Access,460
Care received,893
Staff,6154
Staff,2028
Staff,3879
Care received,3430
Staff,3485
Access,5224
Staff,8015
Staff,2197
Staff,1832
Staff,6239
Care received,3291
Staff,10090
Staff,7381
Care received,2876
Couldn't be improved,9297
Care received,6451
Communication,1177
Couldn't be improved,9404
Care received,3492
Communication,1323
Care received,6556
Care received,3678
Staff,2995
Couldn't be improved,7088
Care received,7582
Care received,5478
Care received,516
Environment/ facilities,8642
Couldn't be improved,7699
Couldn't be improved,9290
Staff,8529
Staff,8253
Staff,10181
Staff,4873
Staff,6319
Care received,3418
Care received,4783
Staff,5239
Environment/ facilities,4457
Couldn't be improved,8487
Couldn't be improved,8978
Staff,2865
Dignity,2780
Care received,712
Staff,1659
Care received,174
Care received,5557
Staff,2053
Care received,6620
Environment/ facilities,8197
Couldn't be improved,9569
Couldn't be improved,9802
Communication,7358
Couldn't be improved,8493
Communication,1825
Care received,1238
Miscellaneous,3039
Care received,8760
Staff,7649
Staff,1147
Care received,4572
Couldn't be improved,623
Staff,66
Couldn't be improved,8595
Staff,6317
Staff,7834
Staff,594
Staff,7194
Staff,3249
Care received,5270
Communication,930
Staff,8250
Couldn't be improved,9893
Care received,2938
Communication,5087
Staff,1816
Communication,5342
Care received,4987
Care received,3376
Couldn't be improved,8849
Couldn't be improved,358
Care received,4445
Care received,3032
Communication,1445
Couldn't be improved,189
Environment/ facilities,5335
Staff,6065
Couldn't be improved,9182
Environment/ facilities,8545
Communication,5889
Couldn't be improved,8806
Couldn't be improved,9588
Care received,1225
Couldn't be improved,9623
Couldn't be improved,8462
Care received,3194
Couldn't be improved,7084
Communication,1747
Staff,4858
Couldn't be improved,392
Dignity,6380
Miscellaneous,6421
Couldn't be improved,8974
Care received,2714
Couldn't be improved,487
Staff,6713
Care received,5771
Couldn't be improved,9063
Care received,5666
Couldn't be improved,9359
Care received,4359
Care received,6924
Staff,5894
Care received,8713
Couldn't be improved,9618
Couldn't be improved,10199
Care received,3962
Care received,1585
Access,3450
Staff,2020
Couldn't be improved,9390
Couldn't be improved,5245
Care received,2191
Couldn't be improved,9573
Miscellaneous,95
Communication,4152
Care received,3217
Care received,6459
Staff,5639
Staff,4880
Staff,6539
Staff,2265
Care received,1867
Staff,1298
Couldn't be improved,9276
Access,8676
Staff,68
Staff,1447
Care received,5546
Staff,6345
Staff,2919
Care received,8532
Couldn't be improved,9108
Staff,4511
Care received,3183
Access,1999
Environment/ facilities,8364
Staff,937
Couldn't be improved,9365
Care received,7947
Couldn't be improved,8874
Staff,4836
Couldn't be improved,8606
Staff,6171
Staff,8923
Dignity,367
Care received,1048
Staff,6190
Staff,4792
Couldn't be improved,8187
Care received,7794
Staff,1811
Care received,327
Staff,7395
Couldn't be improved,9655
Couldn't be improved,7971
Communication,1729
Access,5784
Couldn't be improved,8821
Staff,3633
Couldn't be improved,9733
Staff,2777
Couldn't be improved,0
Couldn't be improved,8467
Couldn't be improved,29
Care received,3365
Staff,10057
Care received,7797
Miscellaneous,6432
Environment/ facilities,6224
Staff,5385
Staff,4823
Communication,5764
Staff,5999
Care received,8989
Care received,1135
Miscellaneous,996
Communication,8215
Care received,3309
Access,885
Staff,3300
Care received,849
Environment/ facilities,2072
Care received,5533
Care received,7259
Environment/ facilities,4787
Staff,6202
Staff,10077
Communication,7488
Care received,2438
Care received,2910
Care received,4160
Care received,1705
Staff,3029
Care received,5240
Staff,7920
Staff,2327
Care received,6566
Care received,8310
Care received,340
Access,597
Access,3460
Environment/ facilities,373
Couldn't be improved,9642
Miscellaneous,2626
Staff,2566
Staff,7768
Care received,3118
Care received,4550
Care received,3742
Staff,7527
Care received,1060
Couldn't be improved,8872
Environment/ facilities,4269
Staff,7492
Care received,6619
Communication,2479
Staff,4158
Staff,440
Staff,3583
Staff,1795
Care received,6742
Care received,3499
Couldn't be improved,9161
Care received,1636
Couldn't be improved,1939
Couldn't be improved,1266
Couldn't be improved,5786
Care received,7522
Access,1382
Staff,2340
Communication,5874
Staff,3668
Care received,4323
Staff,5819
Staff,6036
Care received,2840
Couldn't be improved,9221
Staff,3921
Access,4665
Staff,1090
Couldn't be improved,9443
Communication,3324
Staff,4268
Couldn't be improved,8201
Staff,7198
Access,1690
Staff,1437
Staff,6264
Care received,10062
Transition/coordination,4561
Staff,202
Staff,5105
Care received,6778
Couldn't be improved,217
Staff,7405
Staff,7459
Staff,7365
Environment/ facilities,10249
Couldn't be improved,8906
Care received,4609
Couldn't be improved,9288
Care received,5684
Care received,1116
Staff,7742
Care received,2454
Couldn't be improved,8948
Environment/ facilities,10033
Communication,44
Staff,5174
Staff,5045
Staff,6531
Couldn't be improved,1461
Staff,2074
Care received,7820
Transition/coordination,4169
Care received,4793
Care received,4021
Staff,4825
Staff,7869
Couldn't be improved,8188
Staff,2490
Communication,5149
Care received,4977
Staff,421
Access,4410
Communication,7978
Couldn't be improved,4120
Access,7955
Staff,3670
Communication,134
Care received,5617
Staff,4645
Environment/ facilities,1813
Communication,678
Care received,8571
Care received,6952
Communication,1994
Staff,7493
Care received,7789
Care received,2887
Couldn't be improved,5915
Care received,5798
Staff,5505
Staff,1550
Couldn't be improved,8995
Care received,2431
Access,918
Staff,4513
Couldn't be improved,9597
Care received,3117
Care received,1851
Communication,787
Staff,4429
Staff,2313
Staff,305
Couldn't be improved,7081
Care received,7949
Staff,7629
Care received,3715
Care received,1812
Care received,2838
Access,7672
Care received,1337
Care received,3501
Couldn't be improved,9876
Care received,2357
Staff,4340
Care received,2468
Care received,2957
Couldn't be improved,8125
Communication,2624
Staff,10086
Access,902
Communication,5292
Care received,5472
Miscellaneous,9691
Care received,2416
Care received,2746
Couldn't be improved,2613
Miscellaneous,3064
Couldn't be improved,8768
Staff,6096
Couldn't be improved,5309
Staff,928
Environment/ facilities,9772
Communication,569
Staff,1616
Staff,7435
Staff,1091
Access,2976
Care received,5013
Care received,6800
Miscellaneous,3065
Couldn't be improved,9576
Care received,4176
Staff,4346
Couldn't be improved,248
Care received,6623
Staff,3004
Staff,2522
Care received,2404
Care received,7958
Couldn't be improved,9124
Care received,168
Communication,5098
Care received,2348
Staff,1053
Staff,3006
Staff,5778
Couldn't be improved,7051
Care received,8044
Care received,5094
Staff,993
Staff,806
Dignity,277
Access,4658
Care received,2824
Access,4688
Staff,7309
Couldn't be improved,9233
Couldn't be improved,4087
Access,8057
Care received,7204
Care received,6779
Couldn't be improved,8927
Couldn't be improved,9926
Communication,3720
Access,8610
Couldn't be improved,9366
Care received,5327
Care received,1185
Care received,5531
Staff,8329
Care received,2058
Staff,5807
Staff,7328
Environment/ facilities,7383
Staff,6361
Communication,5036
Care received,7864
Care received,2112
Access,2932
Communication,1972
Care received,3844
Environment/ facilities,8168
Communication,2549
Care received,439
Dignity,4431
Care received,4641
Couldn't be improved,4141
Care received,3441
Staff,6690
Staff,7307
Care received,3459
Care received,5616
Couldn't be improved,9731
Couldn't be improved,9029
Environment/ facilities,8726
Communication,5075
Staff,3447
Staff,4861
Couldn't be improved,9683
Couldn't be improved,9785
Care received,1695
Care received,4165
Couldn't be improved,9921
Couldn't be improved,256
Couldn't be improved,9736
Staff,5799
Communication,1438
Staff,2049
Access,8052
Care received,847
Communication,5591
Staff,6709
Care received,3744
Environment/ facilities,10032
Couldn't be improved,9679
Care received,6878
Couldn't be improved,704
Communication,4778
Couldn't be improved,9429
Staff,10092
Care received,3133
Care received,2652
Care received,2648
Communication,5103
Dignity,6720
Staff,5981
Staff,7632
Communication,6828
Miscellaneous,3043
Care received,298
Access,590
Care received,7496
Staff,5741
Staff,3490
Staff,2264
Couldn't be improved,9766
Environment/ facilities,9978
Communication,3909
Staff,2427
Care received,105
Staff,3925
Care received,3479
Care received,6643
Couldn't be improved,9613
Staff,1034
Care received,1682
Staff,3712
Care received,6685
Couldn't be improved,7050
Communication,1658
Couldn't be improved,9528
Staff,7350
Care received,3524
Care received,1512
Care received,7242
Communication,1479
Care received,4608
Staff,8739
Staff,7553
Couldn't be improved,9220
Staff,1900
Couldn't be improved,9815
Care received,1737
Care received,4519
Couldn't be improved,7091
Care received,7733
Communication,1493
Staff,8968
Care received,2190
Couldn't be improved,4489
Couldn't be improved,9801
Staff,1926
Environment/ facilities,8557
Care received,7486
Care received,5296
Staff,334
Care received,3557
Staff,8385
Communication,2476
Staff,2702
Care received,3543
Couldn't be improved,9933
Staff,7412
Couldn't be improved,227
Staff,2892
Staff,4998
Care received,4766
Staff,7409
Couldn't be improved,4093
Couldn't be improved,8491
Staff,932
Access,690
Care received,808
Staff,2530
Communication,1098
Care received,6879
Couldn't be improved,3207
Miscellaneous,3017
Care received,3103
Couldn't be improved,7109
Staff,3266
Staff,8263
Staff,4957
Couldn't be improved,10209
Staff,2657
Care received,9997
Care received,3887
Staff,1354
Staff,8550
Care received,2875
Care received,271
Couldn't be improved,7027
Staff,1841
Access,8597
Staff,8926
Staff,7182
Staff,6307
Staff,5538
Couldn't be improved,9136
Staff,7444
Access,1458
Staff,2742
Staff,1131
Care received,5134
Environment/ facilities,10193
Staff,9640
Care received,8171
Staff,7209
Care received,3692
Care received,3777
Staff,2312
Couldn't be improved,9126
Access,640
Care received,8650
Communication,790
Communication,1572
Staff,4843
Couldn't be improved,9131
Care received,3860
Care received,5532
Care received,5407
Staff,1930
Couldn't be improved,9173
Couldn't be improved,9344
Care received,3108
Staff,5871
Couldn't be improved,9109
Access,5319
Communication,3719
Staff,6554
Couldn't be improved,9811
Staff,6363
Care received,1210
Couldn't be improved,9039
Couldn't be improved,4073
Transition/coordination,7948
Couldn't be improved,9668
Communication,4213
Staff,5669
Environment/ facilities,8178
Couldn't be improved,8514
Couldn't be improved,9115
Staff,5348
Couldn't be improved,9142
Miscellaneous,6398
Environment/ facilities,8700
Staff,1992
Staff,9831
Staff,8378
Care received,4016
Staff,1304
Care received,5359
Care received,5032
Care received,4920
Staff,7220
Care received,2494
Staff,8472
Staff,5895
Miscellaneous,8259
Miscellaneous,127
Care received,59
Staff,5190
Care received,6759
Staff,5096
Miscellaneous,8264
Staff,4636
Staff,3682
Staff,5172
Couldn't be improved,10201
Environment/ facilities,10229
Care received,3292
Staff,7595
Environment/ facilities,7497
Staff,7357
Communication,2085
Couldn't be improved,9318
Couldn't be improved,8608
Care received,3087
Staff,5854
Care received,4315
Care received,3973
Staff,7456
Care received,7977
Staff,7334
Care received,1073
Communication,1749
Care received,10140
Couldn't be improved,8502
Care received,3208
Staff,9975
Environment/ facilities,626
Staff,7232
Communication,8602
Staff,10109
Environment/ facilities,5435
Staff,762
Care received,3229
Staff,5042
Staff,2029
Care received,2336
Couldn't be improved,9143
Environment/ facilities,7296
Staff,1261
Couldn't be improved,9169
Care received,2407
Staff,8740
Care received,5456
Staff,2232
Staff,7840
Communication,3914
Miscellaneous,3082
Care received,8413
Care received,1146
Care received,6261
Staff,695
Couldn't be improved,840
Staff,7962
Staff,5676
Care received,8750
Care received,7983
Staff,6537
Couldn't be improved,4134
Staff,7805
Care received,4988
Care received,1373
Staff,4104
Staff,7147
Care received,3754
Care received,4963
Staff,1882
Miscellaneous,8272
Care received,6135
Staff,6902
Care received,4898
Couldn't be improved,677
Staff,5834
Access,1171
Staff,2374
Couldn't be improved,777
Care received,4307
Care received,7686
Care received,5294
Environment/ facilities,8149
Couldn't be improved,9084
Couldn't be improved,4058
Staff,7315
Communication,4237
Staff,6042
Care received,2632
Care received,2451
Care received,5750
Access,466
Care received,8372
Care received,3369
Couldn't be improved,5357
Couldn't be improved,162
Couldn't be improved,9779
Care received,6136
Care received,567
Care received,10189
Couldn't be improved,9742
Staff,5865
Staff,4212
Care received,3404
Dignity,2497
Access,4352
Care received,1631
Environment/ facilities,8085
Couldn't be improved,9321
Couldn't be improved,8510
Care received,2109
Staff,5067
Couldn't be improved,9114
Communication,3917
Communication,309
Staff,10128
Care received,1202
Care received,3649
Care received,3153
Care received,7993
Staff,4616
Communication,2360
Care received,2826
Communication,1666
Couldn't be improved,9566
Couldn't be improved,9649
Communication,1121
Care received,7821
Couldn't be improved,9498
Care received,4876
Care received,50
Care received,3679
Couldn't be improved,8985
Care received,8759
Staff,1953
Care received,1756
Staff,942
Staff,7557
Care received,4562
Access,5762
Staff,1744
Staff,6978
Dignity,4656
Care received,5693
Staff,3706
Staff,8403
Staff,5053
Couldn't be improved,8839
Staff,5360
Care received,2726
Couldn't be improved,128
Care received,3806
Care received,3390
Communication,1957
Communication,5236
Staff,5971
Care received,4925
Couldn't be improved,7082
Couldn't be improved,7077
Couldn't be improved,158
Access,137
Staff,6362
Staff,7468
Communication,917
Care received,1036
Couldn't be improved,9705
Staff,4553
Care received,8745
Care received,3187
Care received,3582
Couldn't be improved,4122
Care received,4598
Access,386
Couldn't be improved,7931
Couldn't be improved,9154
Access,1358
Care received,384
Couldn't be improved,7127
Care received,1335
Couldn't be improved,9844
Access,2974
Staff,6327
Care received,1081
Environment/ facilities,10240
Staff,3462
Couldn't be improved,9300
Care received,4807
Communication,5568
Care received,10326
Staff,5845
Communication,3360
Staff,6053
Care received,5826
Staff,2459
Care received,5772
Care received,3398
Care received,3821
Couldn't be improved,7039
Couldn't be improved,9383
Care received,1424
Communication,7888
Staff,957
Access,1355
Communication,5579
Staff,10165
Staff,10258
Communication,1115
Communication,1379
Care received,593
Access,4623
Care received,5291
Staff,3252
Staff,6675
Dignity,2065
Care received,2914
Transition/coordination,114
Staff,7676
Couldn't be improved,9755
Staff,4256
Care received,8517
Communication,919
Staff,6836
Communication,3597
Staff,2718
Staff,10175
Miscellaneous,6439
Staff,7655
Access,795
Couldn't be improved,9812
Staff,8024
Care received,2153
Couldn't be improved,9434
Communication,4534
Staff,2381
Staff,4939
Couldn't be improved,10216
Miscellaneous,3071
Communication,3659
Couldn't be improved,9947
Staff,6746
Staff,6701
Care received,3695
Care received,5305
Care received,1692
Care received,4657
Couldn't be improved,8780
Dignity,5316
Staff,3919
Couldn't be improved,9245
Couldn't be improved,8889
Care received,231
Care received,3373
Staff,8238
Couldn't be improved,831
Staff,7450
Couldn't be improved,6999
Couldn't be improved,9312
Staff,2261
Staff,6326
Couldn't be improved,9923
Couldn't be improved,7135
Couldn't be improved,9067
Staff,6585
Staff,7890
Care received,4811
Care received,424
Staff,9960
Staff,5374
Staff,7390
Care received,4960
Communication,4661
Staff,8397
Couldn't be improved,3924
Staff,2939
Couldn't be improved,4057
Care received,2970
Care received,5901
Couldn't be improved,797
Couldn't be improved,6727
Couldn't be improved,9488
Staff,7416
Staff,6000
Couldn't be improved,888
Miscellaneous,2611
Care received,2162
Access,4613
Staff,10072
Access,4249
Staff,7197
Staff,4856
Staff,7516
Access,2815
Couldn't be improved,9767
Care received,4147
Care received,8735
Miscellaneous,3021
Transition/coordination,4186
Care received,5596
Staff,8639
Access,8761
Staff,5121
Care received,6762
Staff,6676
Staff,5939
Access,6797
Staff,9849
Staff,5066
Staff,5396
Access,3420
Care received,7885
Care received,2037
Communication,2499
Couldn't be improved,1588
Care received,5012
Couldn't be improved,9565
Care received,4971
Staff,2347
Couldn't be improved,9099
Care received,2567
Access,854
Dignity,8095
Environment/ facilities,8698
Care received,7985
Staff,5175
Care received,4914
Care received,3523
Care received,1154
Care received,1587
Couldn't be improved,9786
Staff,6198
Couldn't be improved,2061
Care received,10050
Staff,1586
Dignity,6550
Couldn't be improved,8766
Staff,7195
Access,5318
Staff,2070
Couldn't be improved,9759
Couldn't be improved,9349
Staff,6576
Care received,4059
Couldn't be improved,8130
Communication,5176
Staff,5652
Couldn't be improved,8916
Staff,2334
Care received,4318
Care received,3307
Miscellaneous,3049
Care received,6144
Staff,4063
Access,2940
Care received,2304
Miscellaneous,6412
Environment/ facilities,8352
Miscellaneous,2159
Staff,3256
Staff,6395
Communication,1436
Staff,8026
Couldn't be improved,1901
Care received,2685
Care received,6928
Staff,1680
Staff,2580
Couldn't be improved,9409
Couldn't be improved,4090
Staff,992
Communication,4715
Care received,4351
Care received,2046
Communication,811
Care received,5461
Transition/coordination,8382
Staff,6490
Couldn't be improved,9671
Environment/ facilities,10130
Couldn't be improved,304
Staff,6370
Care received,689
Care received,7874
Couldn't be improved,9591
Staff,2915
Couldn't be improved,643
Staff,4029
Staff,1510
Communication,2164
Care received,5758
Care received,1931
Staff,6918
Couldn't be improved,9379
Staff,9850
Staff,8461
Staff,5811
Care received,7505
Communication,1404
Couldn't be improved,223
Couldn't be improved,9680
Environment/ facilities,10225
Care received,5486
Care received,2707
Care received,6151
Care received,2047
Care received,2245
Staff,6159
Couldn't be improved,106
Care received,2211
Communication,4424
Couldn't be improved,894
Couldn't be improved,6259
Staff,3852
Staff,5884
Staff,5185
Staff,6174
Couldn't be improved,8483
Care received,3483
Care received,3546
Staff,10085
Staff,8244
Staff,6789
Couldn't be improved,8455
Care received,739
Care received,462
Couldn't be improved,8853
Staff,7817
Staff,4144
Care received,3610
Miscellaneous,6394
Couldn't be improved,9900
Staff,2833
Staff,7631
Couldn't be improved,9770
Care received,5474
Care received,8104
Couldn't be improved,9712
Staff,944
Couldn't be improved,7170
Care received,2987
Staff,4862
Care received,6468
Staff,2699
Care received,2990
Staff,4466
Miscellaneous,3025
Access,5648
Access,924
Care received,1075
Care received,1395
Staff,1768
Care received,8554
Miscellaneous,8268
Staff,2863
Care received,3302
Staff,5961
Couldn't be improved,7044
Care received,4642
Care received,5369
Couldn't be improved,9043
Staff,5133
Dignity,2189
Care received,1701
Care received,953
Staff,2183
Care received,978
Care received,319
Couldn't be improved,7113
Access,6953
Care received,6754
Couldn't be improved,9391
Staff,2595
Staff,5668
Staff,3255
Staff,4554
Miscellaneous,4524
Care received,10141
Communication,1863
Communication,2169
Staff,1420
Care received,3495
Couldn't be improved,7007
Care received,4579
Staff,5263
Staff,7581
Dignity,6734
Staff,8231
Access,646
Couldn't be improved,9514
Staff,6809
Care received,8050
Staff,1333
Staff,4976
Staff,5078
Care received,27
Staff,3926
Communication,8619
Environment/ facilities,6683
Staff,1160
Staff,7400
Staff,1929
Communication,2837
Environment/ facilities,6867
Care received,3618
Care received,2779
Staff,7327
Staff,8080
Access,5057
Communication,1864
Care received,2281
Care received,6611
Couldn't be improved,9496
Care received,6647
Staff,9769
Staff,6113
Couldn't be improved,4082
Care received,8315
Staff,8919
Care received,3776
Staff,322
Care received,3565
Care received,4530
Care received,6626
Care received,6134
Staff,9994
Staff,2472
Care received,958
Dignity,577
Staff,1182
Access,1117
Staff,6552
Staff,10162
Staff,6129
Miscellaneous,2498
Staff,6369
Staff,4518
Staff,6977
Communication,4000
Environment/ facilities,6830
Care received,4535
Staff,10296
Couldn't be improved,4423
Care received,3106
Staff,5732
Couldn't be improved,714
Care received,8579
Staff,5631
Care received,864
Care received,4521
Couldn't be improved,629
Care received,3910
Miscellaneous,3069
Communication,753
Staff,5283
Couldn't be improved,4471
Staff,7399
Access,745
Staff,5376
Communication,2201
Environment/ facilities,3638
Staff,5006
Staff,4049
Access,4225
Couldn't be improved,9593
Access,4776
Care received,7893
Staff,1184
Communication,2676
Care received,5368
Access,4596
Care received,6634
Access,544
Access,10281
Care received,4192
Environment/ facilities,7548
Care received,8346
Staff,1687
Couldn't be improved,8864
Care received,5298
Care received,6764
Care received,3197
Staff,5852
Couldn't be improved,8601
Couldn't be improved,9799
Couldn't be improved,9139
Staff,2996
Care received,3798
Staff,7342
Care received,1301
Care received,5974
Miscellaneous,8930
Couldn't be improved,9231
Care received,4525
Staff,1455
Couldn't be improved,9861
Couldn't be improved,152
Staff,4767
Care received,5953
Staff,9795
Access,841
Access,656
Care received,3544
Communication,4006
Staff,2378
Staff,3224
Couldn't be improved,7054
Staff,7878
Couldn't be improved,1320
Care received,1311
Staff,4570
Couldn't be improved,9265
Care received,7250
Care received,2043
Care received,10042
Care received,3809
Staff,10317
Access,5849
Staff,7323
Care received,6463
Environment/ facilities,9669
Communication,859
Staff,2997
Couldn't be improved,9314
Access,10287
Staff,2466
Care received,8588
Care received,868
Couldn't be improved,10202
Staff,7735
Care received,929
Access,1417
Staff,7414
Couldn't be improved,9425
Transition/coordination,496
Care received,8077
Couldn't be improved,9936
Care received,8209
Couldn't be improved,9026
Staff,4837
Staff,5165
Staff,2122
Staff,8717
Staff,4476
Care received,5667
Couldn't be improved,4075
Couldn't be improved,7293
Staff,7306
Communication,3688
Staff,6477
Miscellaneous,8524
Couldn't be improved,9888
Staff,1239
Staff,5869
Care received,2198
Communication,5147
Care received,5537
Couldn't be improved,9783
Transition/coordination,257
Couldn't be improved,9395
Staff,1250
Care received,3331
Care received,4407
Staff,1082
Care received,5454
Couldn't be improved,9224
Communication,2485
Care received,3445
Staff,6991
Access,5916
Care received,815
Access,7
Miscellaneous,8265
Care received,6993
Staff,2018
Care received,5720
Couldn't be improved,9011
Care received,10327
Care received,6841
Staff,1196
Staff,7604
Staff,7611
Staff,2168
Environment/ facilities,2299
Couldn't be improved,9563
Access,5787
Care received,2623
Communication,9982
Care received,1597
Miscellaneous,8945
Environment/ facilities,10197
Care received,8573
Care received,8738
Couldn't be improved,9427
Staff,7574
Communication,5585
Care received,3094
Couldn't be improved,3895
Staff,3001
Miscellaneous,8284
Couldn't be improved,1502
Care received,5212
Staff,1235
Staff,5696
Couldn't be improved,9392
Care received,3531
Care received,1964
Care received,8156
Staff,8569
Staff,6632
Couldn't be improved,9803
Environment/ facilities,403
Miscellaneous,8257
Staff,7221
Couldn't be improved,9324
Care received,4128
Care received,4551
Couldn't be improved,7100
Care received,7822
Communication,4002
Staff,1570
Care received,2517
Care received,5559
Couldn't be improved,9739
Couldn't be improved,9604
Care received,555
Access,2
Staff,1830
Dignity,6094
Care received,53
Staff,6206
Staff,7773
Staff,3958
Staff,4936
Environment/ facilities,10000
Staff,7467
Staff,757
Care received,3090
Couldn't be improved,8994
Care received,2694
Staff,3757
Staff,4851
Couldn't be improved,4084
Staff,6485
Couldn't be improved,9525
Dignity,6733
Couldn't be improved,805
Staff,164
Care received,4125
Environment/ facilities,153
Access,8558
Communication,1979
Staff,1324
Staff,2698
Miscellaneous,949
Staff,1274
Staff,6937
Communication,5694
Couldn't be improved,379
Staff,4512
Access,8671
Communication,1920
Care received,3631
Staff,6102
Access,9976
Care received,3526
Staff,1824
Environment/ facilities,4266
Staff,3949
Care received,3088
Care received,3437
Dignity,2495
Staff,1505
Staff,7831
Care received,4569
Care received,3303
Care received,3721
Staff,4467
Care received,3900
Care received,4436
Care received,4409
Couldn't be improved,9743
Access,10061
Care received,1918
Couldn't be improved,533
Couldn't be improved,9763
Staff,2617
Care received,4047
Transition/coordination,5322
Care received,6450
Environment/ facilities,364
Staff,1854
Staff,5879
Staff,5030
Staff,3007
Access,4
Transition/coordination,5909
Couldn't be improved,9441
Staff,5919
Staff,3275
Staff,126
Miscellaneous,3037
Couldn't be improved,9282
Communication,2205
Couldn't be improved,9208
Care received,6498
Transition/coordination,4693
Care received,7933
Couldn't be improved,8832
Staff,5844
Staff,9879
Staff,7635
Couldn't be improved,9120
Staff,4865
Care received,5642
Staff,2235
Staff,6058
Staff,1794
Access,5641
Access,5229
Staff,87
Staff,10171
Care received,6222
Care received,3102
Staff,3192
Staff,6367
Staff,4451
Care received,8679
Staff,4193
Care received,2695
Communication,5238
Staff,5831
Couldn't be improved,4140
Staff,2489
Couldn't be improved,8951
Care received,6607
Care received,2242
Staff,2330
Couldn't be improved,7042
Couldn't be improved,8784
Couldn't be improved,9074
Environment/ facilities,6767
Access,5320
Couldn't be improved,9537
Care received,1347
Couldn't be improved,9023
Communication,1299
Care received,6090
Staff,6043
Care received,8103
Couldn't be improved,4480
Couldn't be improved,8776
Staff,7636
Staff,2656
Care received,6091
Care received,2885
Couldn't be improved,9190
Couldn't be improved,349
Care received,2642
Care received,3316
Couldn't be improved,4083
Access,4292
Care received,5724
Environment/ facilities,9005
Dignity,3766
Staff,3750
Environment/ facilities,10051
Staff,2206
Staff,3439
Staff,1575
Environment/ facilities,4258
Staff,7442
Staff,2208
Communication,2180
Couldn't be improved,9246
Staff,5727
Staff,4671
Care received,1908
Couldn't be improved,9571
Miscellaneous,9937
Care received,1645
Care received,5446
Access,469
Care received,1368
Staff,5164
Staff,6034
Couldn't be improved,7014
Couldn't be improved,9969
Staff,1646
Staff,6331
Care received,4048
Staff,2287
Staff,2511
Staff,2736
Staff,3928
Care received,3972
Care received,3518
Couldn't be improved,9086
Care received,7246
Communication,737
Care received,4751
Care received,3814
Staff,4892
Staff,1537
Staff,7196
Care received,5281
Care received,2948
Care received,7245
Care received,4214
Staff,2565
Couldn't be improved,8950
Environment/ facilities,1
Couldn't be improved,7130
Staff,7421
Environment/ facilities,8680
Communication,2645
Staff,1408
Miscellaneous,938
Care received,7850
Miscellaneous,1942
Communication,734
Staff,2263
Couldn't be improved,9285
Care received,2035
Communication,5524
Care received,3330
Staff,6513
Dignity,9973
Communication,5700
Care received,3741
Couldn't be improved,9361
Couldn't be improved,1419
Communication,8089
Couldn't be improved,9473
Miscellaneous,3056
Access,10323
Staff,6897
Care received,5682
Couldn't be improved,9160
Staff,4622
Care received,1476
Communication,4644
Couldn't be improved,8117
Care received,6445
Access,7260
Care received,2917
Couldn't be improved,8976
Couldn't be improved,783
Dignity,4744
Care received,2681
Couldn't be improved,1922
Care received,981
Care received,7777
Care received,4889
Staff,5737
Staff,7362
Staff,8323
Communication,1394
Care received,6644
Couldn't be improved,8772
Communication,3487
Care received,4915
Couldn't be improved,9445
Couldn't be improved,9326
Communication,3912
Staff,3838
Staff,573
Staff,5210
Care received,5255
Couldn't be improved,9388
Couldn't be improved,9387
Environment/ facilities,8432
Care received,2418
Environment/ facilities,412
Staff,4509
Communication,1836
Staff,7453
Couldn't be improved,9663
Miscellaneous,6436
Access,10169
Staff,10232
Couldn't be improved,9587
Care received,278
Access,9988
Staff,2628
Miscellaneous,2488
Care received,5196
Care received,4255
Staff,1224
Staff,7392
Care received,4913
Care received,1814
Care received,1110
Care received,3893
Care received,5610
Staff,467
Dignity,2547
Staff,2781
Staff,2482
Couldn't be improved,8844
Staff,6366
Staff,4755
Couldn't be improved,247
Access,540
Care received,2460
Care received,5544
Staff,1031
Staff,7731
Care received,4067
Staff,3181
Communication,4902
Care received,1291
Care received,1826
Communication,3871
Care received,1711
Care received,1870
Care received,8549
Care received,8056
Care received,5487
Staff,5024
Environment/ facilities,8091
Staff,6392
Couldn't be improved,9570
Staff,1623
Couldn't be improved,9631
Access,8387
Care received,6454
Staff,5035
Couldn't be improved,9816
Care received,3701
Couldn't be improved,9323
Staff,6104
Transition/coordination,215
Access,270
Care received,3745
Environment/ facilities,10060
Care received,4911
Care received,1605
Staff,7354
Couldn't be improved,9735
Care received,1173
Access,5310
Staff,2386
Couldn't be improved,9559
Care received,3547
Staff,2881
Communication,4926
Couldn't be improved,9447
Couldn't be improved,8814
Couldn't be improved,9643
Couldn't be improved,8744
Staff,2296
Couldn't be improved,9152
Miscellaneous,3060
Care received,8004
Staff,5157
Care received,1989
Staff,9986
Care received,2136
Staff,3241
Staff,7236
Environment/ facilities,575
Couldn't be improved,9254
Staff,8049
Miscellaneous,7022
Staff,7219
Staff,1162
Couldn't be improved,7013
Staff,8743
Care received,6641
Environment/ facilities,8449
Care received,9968
Staff,1038
Staff,5513
Couldn't be improved,9331
Staff,2647
Staff,6794
Environment/ facilities,307
Staff,4357
Staff,2496
Care received,6656
Care received,4982
Care received,4725
Couldn't be improved,9240
Staff,2540
Care received,6470
Couldn't be improved,42
Staff,7353
Staff,8229
Care received,9983
Care received,6873
Environment/ facilities,8629
Couldn't be improved,9808
Miscellaneous,6251
Care received,3096
Staff,8343
Staff,8742
Staff,7701
Communication,6732
Couldn't be improved,8053
Couldn't be improved,3981
Staff,1327
Access,2280
Care received,4577
Care received,985
Care received,685
Environment/ facilities,1309
Staff,1289
Couldn't be improved,9128
Staff,1297
Care received,3100
Care received,10270
Care received,3711
Couldn't be improved,9106
Care received,6173
Staff,8421
Staff,2255
Access,285
Couldn't be improved,7075
Couldn't be improved,9914
Care received,167
Staff,2127
Care received,7865
Communication,8565
Staff,6314
Staff,3795
Communication,3707
Care received,4329
Staff,7285
Access,4682
Communication,1755
Care received,4590
Communication,4994
Staff,5994
Care received,6480
Staff,1272
Staff,8479
Couldn't be improved,9229
Care received,5598
Communication,3218
Access,911
Staff,7428
Staff,2382
Staff,4879
Communication,3781
Staff,7254
Staff,1381
Staff,5835
Care received,4335
Staff,6157
Staff,7688
Care received,3465
Access,1402
Staff,3768
Care received,3811
Care received,6249
Couldn't be improved,7062
Staff,1995
Couldn't be improved,399
Miscellaneous,8288
Care received,2633
Couldn't be improved,8790
Staff,7775
Care received,1403
Staff,1422
Staff,1401
Communication,8708
Environment/ facilities,4211
Staff,5813
Care received,6943
Staff,3907
Staff,4259
Staff,612
Staff,7594
Care received,3396
Care received,2818
Staff,975
Miscellaneous,3047
Care received,6225
Care received,3132
Staff,3273
Couldn't be improved,9658
Care received,1214
Care received,6188
Access,5713
Care received,4547
Miscellaneous,8292
Care received,1450
Staff,10095
Communication,7384
Environment/ facilities,8360
Care received,7852
Communication,2293
Staff,6357
Access,4396
Care received,1764
Staff,3199
Care received,5303
Environment/ facilities,10148
Access,4384
Care received,6627
Couldn't be improved,9794
Staff,3262
Staff,5855
Staff,6527
Staff,5264
Staff,7911
Care received,401
Couldn't be improved,9432
Environment/ facilities,10158
Couldn't be improved,8982
Staff,7207
Care received,4918
Staff,7485
Staff,7669
Staff,7339
Care received,3295
Staff,71
Couldn't be improved,9269
Staff,3481
Staff,4529
Care received,6816
Care received,4904
Staff,5065
Staff,9867
Staff,2257
Care received,2349
Couldn't be improved,9012
Care received,6612
Couldn't be improved,9520
Couldn't be improved,9853
Access,4184
Communication,1862
Access,886
Care received,2934
Couldn't be improved,9305
Couldn't be improved,9686
Couldn't be improved,9320
Care received,7504
Care received,6461
Couldn't be improved,8952
Communication,2215
Staff,4743
Staff,8660
Care received,2814
Communication,5929
Staff,2285
Couldn't be improved,9670
Communication,1389
Staff,4979
Care received,5572
Care received,4231
Care received,4676
Couldn't be improved,9902
Couldn't be improved,8490
Care received,5609
Staff,1145
Care received,6456
Staff,6521
Staff,4795
Staff,5545
Staff,6691
Couldn't be improved,731
Miscellaneous,6393
Couldn't be improved,10210
Miscellaneous,8933
Care received,5747
Staff,3264
Couldn't be improved,9346
Couldn't be improved,9279
Miscellaneous,6824
Couldn't be improved,113
Staff,5091
Environment/ facilities,8367
Couldn't be improved,9497
Couldn't be improved,9319
Couldn't be improved,9373
Staff,6025
Staff,6281
Care received,1663
Communication,4617
Care received,7749
Staff,8017
Care received,8920
Couldn't be improved,9798
Care received,6931
Miscellaneous,8280
Care received,51
Care received,3169
Care received,1858
Care received,4746
Couldn't be improved,224
Access,4155
Miscellaneous,1462
Couldn't be improved,9258
Couldn't be improved,9584
Communication,4003
Care received,1776
Staff,6540
Staff,5113
Staff,6833
Care received,4560
Care received,2969
Couldn't be improved,9540
Environment/ facilities,6610
Care received,1859
Staff,6114
Couldn't be improved,9464
Care received,4304
Couldn't be improved,5962
Environment/ facilities,8694
Couldn't be improved,9286
Staff,10098
Staff,6006
Care received,4742
Care received,8037
Care received,922
Couldn't be improved,9883
Couldn't be improved,9780
Couldn't be improved,8471
Couldn't be improved,4100
Couldn't be improved,4068
Staff,6248
Staff,6774
Care received,6642
Care received,4314
Communication,2447
Care received,5235
Staff,5950
Staff,5978
Staff,10160
Access,6744
Miscellaneous,1262
Couldn't be improved,8796
Care received,3568
Staff,3665
Couldn't be improved,8886
Staff,2579
Access,10237
Access,56
Environment/ facilities,8428
Care received,4153
Care received,3959
Staff,5931
Staff,7218
Staff,4798
Miscellaneous,3022
Care received,1996
Staff,7389
Staff,3268
Couldn't be improved,7901
Staff,2965
Care received,2273
Staff,7117
Environment/ facilities,8365
Care received,8673
Staff,3743
Miscellaneous,8255
Care received,1993
Couldn't be improved,7155
Staff,3455
Couldn't be improved,8297
Couldn't be improved,8119
Care received,3157
Staff,6347
Staff,3143
Staff,7837
Staff,7622
Care received,7895
Staff,1010
Couldn't be improved,9870
Staff,1195
Staff,5663
Staff,7835
Care received,88
Miscellaneous,8997
Staff,1557
Staff,1201
Couldn't be improved,9370
Care received,3552
Staff,7590
Care received,2402
Staff,6441
Staff,7770
Couldn't be improved,4111
Couldn't be improved,9555
Staff,1626
Communication,8173
Couldn't be improved,9727
Couldn't be improved,3542
Care received,5476
Couldn't be improved,8904
Communication,8161
Staff,6304
Couldn't be improved,9533
Care received,2527
Staff,7650
Couldn't be improved,9278
Staff,8000
Care received,4966
Environment/ facilities,341
Couldn't be improved,3703
Staff,6196
Care received,3185
Staff,7589
Couldn't be improved,9340
Care received,4373
Staff,6290
Communication,5840
Staff,2533
Staff,7940
Staff,6309
Care received,4759
Couldn't be improved,8522
Care received,5890
Staff,1849
Staff,4864
Staff,6832
Staff,2878
Couldn't be improved,9909
Care received,5549
Staff,374
Care received,3733
Staff,6235
Couldn't be improved,9033
Miscellaneous,5614
Communication,5561
Staff,7433
Staff,6156
Environment/ facilities,10227
Couldn't be improved,9249
Care received,5481
Staff,8200
Staff,7752
Couldn't be improved,9499
Staff,3933
Couldn't be improved,9448
Care received,3213
Care received,2822
Care received,4559
Staff,8076
Couldn't be improved,8482
Couldn't be improved,9950
Care received,7233
Staff,3253
Communication,5526
Access,294
Care received,3283
Staff,6979
Access,8568
Staff,6168
Staff,4841
Couldn't be improved,8123
Couldn't be improved,9664
Care received,3282
Staff,4455
Staff,6044
Care received,3562
Staff,789
Staff,6942
Staff,8658
Couldn't be improved,7009
Staff,6046
Couldn't be improved,9521
Staff,4195
Staff,7303
Staff,6030
Staff,4964
Access,4453
Staff,3170
Staff,4968
Couldn't be improved,8121
Care received,7792
Staff,2274
Care received,3944
Staff,8236
Couldn't be improved,9932
Staff,1520
Staff,7666
Access,4377
Staff,8535
Staff,5059
Care received,1181
Care received,3598
Care received,3979
Couldn't be improved,9200
Care received,581
Staff,6520
Staff,5833
Communication,5261
Environment/ facilities,1581
Care received,3385
Care received,3101
Access,4150
Care received,2867
Staff,8019
Staff,2778
Staff,6315
Care received,120
Staff,10289
Staff,2625
Staff,5873
Care received,6786
Staff,10319
Staff,6378
Staff,10183
Staff,7596
Environment/ facilities,299
Care received,3297
Care received,4678
Staff,6056
Environment/ facilities,5697
Staff,7693
Environment/ facilities,10016
Staff,5425
Care received,7748
Staff,1138
Staff,6199
Care received,8408
Couldn't be improved,9724
Care received,2124
Care received,3474
Staff,5883
Care received,216
Staff,3593
Staff,7375
Staff,8941
Care received,242
Couldn't be improved,313
Staff,5459
Couldn't be improved,2618
Couldn't be improved,9165
Staff,2412
Care received,9955
Staff,4498
Care received,8396
Care received,8411
Staff,2687
Care received,1287
Environment/ facilities,8334
Staff,2409
Couldn't be improved,7071
Care received,4790
Care received,2921
Care received,3234
Couldn't be improved,9467
Staff,2743
Staff,4565
Staff,7440
Care received,4274
Staff,1966
Care received,7552
Care received,7791
Communication,232
Couldn't be improved,7954
Couldn't be improved,9784
Care received,5672
Staff,3237
Staff,4196
Miscellaneous,529
Couldn't be improved,9203
Couldn't be improved,8834
Staff,1477
Couldn't be improved,190
Access,70
Access,865
Staff,1838
Communication,3782
Staff,8031
Staff,1582
Care received,7732
Couldn't be improved,8979
Couldn't be improved,8898
Couldn't be improved,7156
Staff,5234
Care received,3305
Staff,10263
Staff,10097
Staff,4496
Couldn't be improved,10320
Staff,5812
Care received,6143
Staff,2505
Transition/coordination,663
Couldn't be improved,9595
Environment/ facilities,6106
Staff,7188
Staff,2928
Staff,3607
Care received,5404
Environment/ facilities,7867
Staff,1887
Care received,4919
Staff,3164
Care received,7936
Care received,7718
Staff,7561
Couldn't be improved,6944
Couldn't be improved,8809
Environment/ facilities,1365
Staff,3511
Couldn't be improved,9764
Access,10007
Care received,8458
Care received,8621
Staff,5230
Couldn't be improved,7112
Staff,1969
Access,10224
Couldn't be improved,9354
Care received,2897
Couldn't be improved,6256
Staff,6368
Couldn't be improved,9734
Staff,1415
Couldn't be improved,8960
Staff,6751
Staff,5328
Staff,4574
Care received,4803
Couldn't be improved,9621
Staff,7758
Care received,657
Staff,7776
Staff,3116
Couldn't be improved,8496
Couldn't be improved,9650
Care received,5574
Couldn't be improved,9542
Staff,9993
Couldn't be improved,7134
Staff,6167
Care received,4906
Couldn't be improved,9554
Care received,4402
Staff,6817
Staff,1675
Staff,5397
Environment/ facilities,4230
Access,323
Staff,5371
Care received,2684
Staff,1049
Staff,2869
Care received,4228
Communication,670
Care received,2762
Staff,3352
Couldn't be improved,8825
Care received,5790
Care received,1528
Access,526
Care received,3121
Staff,1390
Care received,1960
Access,5199
Staff,1897
Communication,2570
Staff,1085
Transition/coordination,5782
Care received,1625
Couldn't be improved,7066
Staff,8034
Couldn't be improved,9034
Environment/ facilities,10295
Staff,1232
Staff,1014
Environment/ facilities,8304
Staff,4835
Couldn't be improved,9044
Staff,7280
Access,7857
Care received,5535
Care received,1861
Communication,1817
Communication,3290
Staff,7322
Staff,2099
Environment/ facilities,9059
Couldn't be improved,9157
Couldn't be improved,8778
Staff,6633
Environment/ facilities,7953
Care received,5718
Staff,7479
Care received,8318
Staff,4868
Communication,6788
Care received,1714
Staff,8
Staff,4638
Couldn't be improved,210
Couldn't be improved,6133
Care received,4997
Staff,3045
Communication,7580
Staff,2087
Staff,4801
Staff,5702
Care received,4951
Care received,6930
Staff,7737
Staff,6310
Care received,2634
Staff,6203
Staff,2844
Dignity,9974
Care received,3718
Care received,3732
Care received,1052
Communication,5177
Couldn't be improved,2266
Staff,2643
Care received,5488
Access,8599
Couldn't be improved,8158
Communication,5808
Couldn't be improved,8901
Care received,769
Dignity,8344
Care received,1264
Couldn't be improved,554
Couldn't be improved,9507
Staff,5982
Care received,4143
Staff,8419
Couldn't be improved,7018
Environment/ facilities,8454
Staff,1860
Care received,574
Staff,7554
Staff,2077
Environment/ facilities,8699
Communication,2375
Care received,7502
Staff,8035
Care received,2891
Communication,2532
Staff,7294
Staff,10047
Staff,2981
Care received,5519
Staff,5504
Couldn't be improved,8767
Care received,4974
Couldn't be improved,9797
Staff,2392
Care received,4816
Communication,3983
Staff,7460
Staff,5825
Staff,4769
Staff,5540
Environment/ facilities,8213
Care received,6962
Care received,4541
Staff,7408
Staff,7427
Care received,6457
Staff,472
Staff,4697
Staff,6019
Staff,3869
Care received,1275
Communication,2596
Communication,2012
Care received,4371
Care received,7923
Communication,8696
Couldn't be improved,9213
Care received,3382
Couldn't be improved,9684
Communication,5725
Communication,2524
Staff,5926
Staff,5917
Care received,1689
Care received,1591
Staff,7308
Staff,1101
Transition/coordination,10248
Couldn't be improved,9268
Staff,4845
Couldn't be improved,9380
Environment/ facilities,260
Miscellaneous,1259
Care received,2854
Access,8647
Staff,4564
Couldn't be improved,5963
Care received,363
Couldn't be improved,4130
Couldn't be improved,9698
Couldn't be improved,434
Couldn't be improved,411
Care received,1230
Staff,7397
Communication,4731
Staff,1139
Miscellaneous,8277
Staff,675
Staff,5473
Staff,1865
Couldn't be improved,7969
Care received,3179
Care received,4316
Couldn't be improved,6726
Dignity,1179
Staff,1136
Care received,5469
Care received,1760
Couldn't be improved,9787
Staff,1652
Staff,7897
Staff,8072
Staff,2081
Staff,1598
Care received,7930
Miscellaneous,7541
Communication,4714
Couldn't be improved,9104
Care received,2750
Care received,1733
Care received,3240
Care received,6473
Miscellaneous,3033
Care received,6487
Staff,5706
Environment/ facilities,966
Staff,2510
Care received,1739
Couldn't be improved,1559
Couldn't be improved,9032
Care received,5528
Environment/ facilities,7726
Care received,1612
Couldn't be improved,9868
Care received,3503
Access,8646
Care received,2292
Couldn't be improved,9458
Access,4383
Staff,10219
Staff,6491
Environment/ facilities,8609
Environment/ facilities,10123
Care received,8362
Access,4247
Communication,2329
Couldn't be improved,9665
Staff,8521
Staff,1426
Staff,1532
Couldn't be improved,9590
Environment/ facilities,8102
Dignity,8507
Staff,1254
Care received,4366
Couldn't be improved,9430
Care received,148
Care received,1904
Couldn't be improved,9463
Care received,4573
Care received,3662
Care received,2036
Care received,1414
Staff,6373
Staff,6201
Communication,124
Couldn't be improved,8494
Care received,1269
Care received,6635
Miscellaneous,8112
Staff,1669
Staff,7179
Care received,5923
Staff,5886
Care received,8580
Staff,2704
Care received,6105
Staff,1127
Care received,6178
Care received,6768
Communication,1103
Access,4450
Access,135
Communication,1843
Staff,8330
Care received,1319
Care received,8704
Care received,405
Care received,4708
Staff,2282
Staff,5810
Care received,3201
Couldn't be improved,9315
Staff,7187
Care received,5424
Care received,3717
Staff,8417
Communication,6424
Access,2411
Staff,5602
Miscellaneous,8260
Couldn't be improved,7144
Staff,4831
Care received,5203
Staff,625
Care received,4041
Staff,2963
Communication,1130
Staff,5483
Care received,5277
Staff,7682
Care received,8652
Care received,6523
Staff,5163
Couldn't be improved,9024
Staff,10093
Couldn't be improved,9177
Access,1677
Staff,6379
Staff,4935
Care received,5577
Care received,10277
Couldn't be improved,9426
Communication,2237
Care received,183
Care received,5708
Staff,2158
Couldn't be improved,9479
Couldn't be improved,10314
Care received,8003
Staff,5237
Access,4756
Staff,4282
Staff,3122
Staff,997
Communication,6208
Environment/ facilities,8442
Staff,2785
Care received,4984
Care received,4279
Environment/ facilities,8181
Environment/ facilities,10276
Couldn't be improved,7928
Care received,8670
Staff,7345
Care received,2954
Staff,10089
Communication,2501
Couldn't be improved,9054
Care received,10251
Care received,2982
Care received,5417
Couldn't be improved,4129
Care received,5124
Care received,5463
Couldn't be improved,9645
Couldn't be improved,7030
Staff,5086
Care received,4932
Couldn't be improved,8921
Care received,429
Couldn't be improved,8500
Care received,10306
Care received,5973
Staff,1807
Couldn't be improved,661
Couldn't be improved,8794
Care received,1416
Environment/ facilities,10310
Access,4953
Couldn't be improved,7053
Care received,333
Care received,3716
Staff,4205
Environment/ facilities,1702
Staff,2067
Staff,2998
Care received,3507
Care received,6658
Staff,7918
Staff,8020
Couldn't be improved,9855
Staff,2735
Care received,2006
Staff,3572
Staff,7162
Care received,6245
Care received,3975
Communication,4395
Care received,2936
Communication,4243
Dignity,3488
Environment/ facilities,284
Care received,962
Care received,10333
Couldn't be improved,9522
Care received,2745
Care received,7907
Staff,365
Couldn't be improved,4198
Care received,451
Access,3901
Staff,1703
Couldn't be improved,8448
Staff,1853
Care received,413
Care received,4020
Communication,2598
Staff,6721
Care received,1227
Care received,3148
Care received,3155
Staff,6381
Care received,5279
Communication,8721
Care received,2859
Care received,4062
Dignity,1144
Care received,4297
Staff,752
Care received,3107
Access,6110
Couldn't be improved,9745
Care received,4696
Couldn't be improved,819
Couldn't be improved,8795
Staff,4433
Staff,5127
Access,2016
Staff,4646
Staff,7599
Staff,4508
Couldn't be improved,9450
Staff,4822
Care received,3236
Staff,8541
Couldn't be improved,9560
Staff,1775
Staff,6692
Transition/coordination,884
Staff,6651
Care received,7247
Dignity,335
Staff,3200
Staff,1927
Care received,4415
Care received,5495
Staff,7519
Care received,2756
Staff,5242
Staff,6568
Staff,4287
Staff,2048
Couldn't be improved,818
Care received,6934
Staff,5635
Couldn't be improved,9345
Care received,4361
Staff,8457
Staff,4060
Communication,3886
Care received,9062
Communication,2672
Staff,8513
Environment/ facilities,10153
Staff,671
Couldn't be improved,8857
Couldn't be improved,9481
Access,478
Care received,4015
Staff,7423
Couldn't be improved,6216
Care received,2393
Care received,6231
Communication,5712
Access,10156
Environment/ facilities,7292
Care received,6844
Access,4210
Care received,4290
Staff,2677
Care received,4625
Staff,2895
Environment/ facilities,402
Care received,6458
Staff,6667
Environment/ facilities,8523
Care received,5928
Environment/ facilities,8714
Care received,5902
Care received,6444
Couldn't be improved,9066
Couldn't be improved,9500
Staff,3940
Miscellaneous,3072
Care received,151
Access,8635
Communication,673
Couldn't be improved,4115
Couldn't be improved,8909
Staff,3184
Care received,4536
Communication,3751
Care received,3083
Communication,1222
Access,342
Couldn't be improved,9924
Couldn't be improved,4114
Access,796
Staff,7811
Care received,4701
Access,9990
Care received,6854
Care received,199
Care received,1186
Miscellaneous,1868
Staff,5848
Care received,8752
Communication,727
Care received,6617
Care received,7838
Access,4161
Care received,3453
Staff,1880
Staff,5055
Staff,7286
Care received,5088
Care received,1429
Care received,2984
Staff,6581
Communication,1084
Environment/ facilities,8643
Staff,3731
Staff,1511
Access,269
Staff,4826
Communication,4180
Staff,7469
Couldn't be improved,7037
Staff,5116
Care received,8484
Communication,2342
Staff,1877
Staff,4207
Environment/ facilities,5344
Staff,5932
Care received,7875
Care received,8440
Staff,4527
Couldn't be improved,7087
Couldn't be improved,9009
Care received,4353
Staff,3573
Access,904
Staff,5859
Communication,3555
Staff,10075
Staff,6509
Staff,7401
Staff,4582
Care received,3841
Communication,2270
Miscellaneous,2491
Care received,2430
Care received,6223
Staff,1253
Staff,1341
Care received,3656
Staff,6580
Staff,5823
Transition/coordination,8211
Care received,6954
Care received,1730
Staff,5692
Staff,9956
Communication,1921
Care received,3180
Communication,1546
Staff,6574
Staff,4882
Staff,3677
Care received,860
Staff,8509
Environment/ facilities,8730
Communication,3392
Care received,2461
Couldn't be improved,9526
Couldn't be improved,8807
Staff,4852
Care received,291
Staff,2140
Care received,1674
Couldn't be improved,8962
Care received,8398
Staff,6565
Couldn't be improved,9134
Staff,7185
Communication,856
Environment/ facilities,4264
Miscellaneous,3066
Staff,7719
Dignity,746
Care received,198
Couldn't be improved,9515
Care received,3126
Staff,6060
Staff,5815
Staff,7756
Couldn't be improved,4117
Care received,5217
Access,470
Staff,5777
Couldn't be improved,9578
Environment/ facilities,8605
Couldn't be improved,5704
Couldn't be improved,906
Couldn't be improved,8823
Access,7263
Couldn't be improved,1268
Care received,1134
Access,4397
Staff,3269
Communication,2345
Staff,2615
Care received,4308
Care received,3954
Environment/ facilities,10135
Couldn't be improved,9291
Staff,1343
Couldn't be improved,9457
Care received,6705
Couldn't be improved,9516
Staff,5386
Access,8101
Staff,7660
Care received,1280
Staff,7634
Staff,8237
Communication,3338
Staff,2823
Environment/ facilities,8358
Care received,4692
Communication,5744
Care received,3553
Care received,7226
Care received,5449
Staff,1288
Couldn't be improved,8848
Couldn't be improved,9690
Access,1485
Couldn't be improved,5674
Couldn't be improved,136
Access,7579
Staff,10161
Care received,7274
Care received,4667
Care received,10131
Care received,1448
Couldn't be improved,263
Staff,1629
Care received,3836
Staff,7684
Care received,7506
Communication,4175
Staff,5766
Environment/ facilities,8066
Staff,2792
Access,4796
Care received,4495
Care received,2752
Care received,6947
Environment/ facilities,1353
Staff,6906
Staff,3878
Staff,2217
Care received,498
Couldn't be improved,3540
Couldn't be improved,9082
Couldn't be improved,8925
Staff,2203
Couldn't be improved,9905
Couldn't be improved,8836
Care received,946
Care received,3629
Staff,6390
Miscellaneous,664
Care received,5925
Care received,14
Care received,3095
Care received,3691
Staff,6288
Care received,6472
Communication,1916
Care received,3301
Couldn't be improved,9444
Care received,2513
Miscellaneous,6770
Couldn't be improved,8892
Care received,542
Staff,6519
Staff,5867
Staff,7331
Staff,6081
Communication,3997
Couldn't be improved,9193
Care received,3500
Care received,7986
Couldn't be improved,8862
Couldn't be improved,9225
Staff,6956
Environment/ facilities,371
Care received,5898
Staff,6843
Couldn't be improved,4343
Communication,1516
Environment/ facilities,7945
Staff,7336
Staff,1383
Couldn't be improved,7049
Couldn't be improved,830
Staff,1782
Staff,6274
Care received,3977
Care received,4299
Staff,6907
Couldn't be improved,715
Care received,3313
Staff,2320
Couldn't be improved,12
Care received,2335
Communication,3514
Staff,3271
Dignity,8540
Communication,5343
Care received,4723
Care received,3138
Couldn't be improved,9372
Care received,3340
Staff,7800
Couldn't be improved,4102
Care received,5430
Couldn't be improved,4071
Staff,10220
Couldn't be improved,9226
Staff,7747
Staff,4761
Couldn't be improved,9641
Miscellaneous,6410
Care received,3600
Transition/coordination,415
Staff,3002
Care received,1432
Staff,2638
Staff,8106
Care received,226
Care received,6229
Care received,9996
Care received,1954
Care received,7982
Staff,5501
Care received,3427
Care received,3436
Care received,3976
Staff,1686
Care received,2143
Care received,8592
Staff,5467
Communication,10121
Communication,1842
Staff,1779
Staff,2535
Staff,6054
Staff,7609
Staff,2080
Couldn't be improved,1802
Staff,6072
Access,468
Communication,3617
Staff,3260
Staff,6860
Staff,6914
Staff,2094
Care received,7525
Care received,8393
Access,8363
Care received,6847
Care received,5552
Access,4362
Couldn't be improved,8336
Couldn't be improved,9489
Miscellaneous,8937
Couldn't be improved,9557
Communication,1697
Environment/ facilities,8625
Staff,7600
Care received,8005
Care received,3186
Access,6972
Care received,7778
Staff,8751
Staff,7849
Couldn't be improved,9460
Couldn't be improved,9834
Couldn't be improved,33
Care received,1251
Staff,7387
Miscellaneous,977
Care received,5493
Care received,2149
Access,141
Staff,2717
Staff,8021
Care received,4747
Miscellaneous,2230
Staff,1252
Care received,3624
Access,549
Staff,2123
Access,254
Communication,1987
Communication,2176
Couldn't be improved,7106
Couldn't be improved,9357
Staff,4182
Care received,3870
Staff,6322
Miscellaneous,965
Care received,2661
Couldn't be improved,492
Care received,2186
Communication,8707
Staff,2391
Staff,2994
Staff,6045
Access,8174
Care received,4354
Care received,527
Communication,8190
Access,570
Care received,827
Access,600
Staff,2562
Couldn't be improved,8812
Dignity,10332
Care received,7854
Couldn't be improved,9083
Staff,3225
Care received,5527
Couldn't be improved,156
Care received,2713
Couldn't be improved,9707
Couldn't be improved,8446
Environment/ facilities,8327
Staff,2376
Communication,3793
Care received,4571
Couldn't be improved,7086
Care received,4863
Staff,7641
Care received,5986
Environment/ facilities,8563
Staff,6541
Couldn't be improved,5964
Care received,4388
Care received,8325
Communication,450
Couldn't be improved,9871
Staff,2771
Couldn't be improved,8339
Couldn't be improved,6255
Care received,3680
Miscellaneous,406
Dignity,8942
Access,1240
Couldn't be improved,8805
Dignity,6941
Communication,2629
Staff,3355
Care received,4587
Communication,10055
Couldn't be improved,9122
Couldn't be improved,9740
Staff,4894
Care received,8349
Staff,6116
Staff,7866
Couldn't be improved,9653
Communication,4962
Transition/coordination,1336
Miscellaneous,6425
Care received,2243
Care received,3104
Staff,3756
Staff,7464
Communication,1563
Communication,3159
Couldn't be improved,9077
Communication,5562
Access,5089
Care received,3817
Couldn't be improved,9423
Care received,2855
Staff,5155
Care received,6466
Care received,5011
Miscellaneous,3019
Care received,3345
Care received,5581
Care received,2609
Staff,155
Access,7860
Staff,3922
Care received,5767
Communication,2589
Access,2421
Couldn't be improved,4080
Staff,1221
Dignity,3188
Staff,5675
Care received,1047
Environment/ facilities,7980
Staff,3530
Staff,6385
Couldn't be improved,7052
Care received,7782
Couldn't be improved,8940
Staff,5803
Couldn't be improved,9148
Care received,5129
Care received,2137
Couldn't be improved,655
Access,10286
Couldn't be improved,160
Access,10012
Staff,10021
Couldn't be improved,9614
Couldn't be improved,297
Care received,7779
Care received,3554
Communication,4012
Staff,6911
Staff,5380
Staff,7379
Couldn't be improved,9422
Care received,3952
Care received,4369
Care received,1430
Access,4391
Staff,3245
Care received,7235
Care received,6446
Staff,4181
Staff,1693
Care received,4949
Communication,4621
Care received,10054
Staff,2830
Care received,3513
Access,4683
Care received,4632
Access,6835
Staff,5843
Care received,1584
Couldn't be improved,914
Environment/ facilities,8628
Care received,1991
Couldn't be improved,9452
Staff,2528
Staff,3363
Communication,8160
Access,4162
Care received,5104
Environment/ facilities,7960
Staff,6062
Couldn't be improved,4121
Staff,6898
Access,474
Care received,3304
Staff,5736
Staff,4202
Communication,559
Staff,4869
Access,8553
Staff,4358
Care received,4647
Staff,7654
Care received,6888
Access,2010
Staff,1468
Access,4804
Care received,10297
Care received,5658
Staff,1260
Care received,3473
Care received,4285
Care received,9929
Staff,8027
Communication,3209
Care received,3769
Care received,5905
Staff,8720
Access,417
Miscellaneous,3040
Couldn't be improved,8881
Staff,3008
Staff,1890
Access,5779
Staff,1024
Staff,6294
Care received,2432
Care received,292
Access,5002
Staff,1434
Miscellaneous,1315
Care received,2007
Couldn't be improved,9348
Staff,7223
Staff,5970
Staff,7656
Care received,2871
Miscellaneous,8934
Miscellaneous,3079
Care received,872
Environment/ facilities,1725
Staff,93
Staff,5268
Staff,4854
Access,7299
Staff,7829
Staff,10185
Access,5897
Couldn't be improved,9198
Communication,121
Couldn't be improved,9878
Care received,3281
Miscellaneous,3030
Transition/coordination,1089
Care received,2920
Staff,6343
Staff,2899
Staff,4818
Staff,6553
Care received,4387
Staff,2541
Couldn't be improved,8771
Couldn't be improved,9118
Staff,8321
Dignity,1866
Staff,2958
Care received,4655
Staff,2719
Couldn't be improved,9484
Care received,3086
Environment/ facilities,500
Staff,7814
Communication,8638
Staff,6195
Care received,4669
Access,5644
Care received,3820
Care received,3158
Staff,2700
Care received,3729
Care received,8075
Couldn't be improved,10034
Miscellaneous,316
Staff,6311
Staff,3223
Care received,1726
Staff,5553
Couldn't be improved,8870
Care received,3284
Staff,3198
Communication,5257
Care received,8669
Staff,6415
Communication,2170
Staff,6755
Couldn't be improved,9524
Staff,6336
Staff,1133
Staff,8147
Couldn't be improved,9275
Communication,723
Care received,2042
Staff,6950
Couldn't be improved,3945
Couldn't be improved,10070
Care received,620
Care received,6655
Care received,1244
Staff,5169
Care received,5289
Couldn't be improved,161
Care received,2682
Couldn't be improved,9792
Communication,788
Care received,2992
Staff,10073
Care received,3477
Access,708
Care received,7720
Couldn't be improved,9385
Staff,1006
Miscellaneous,1231
Couldn't be improved,7685
Staff,2423
Staff,5047
Staff,6088
Staff,4872
Couldn't be improved,320
Staff,5112
Communication,1893
Staff,6601
Environment/ facilities,8152
Couldn't be improved,9101
Communication,3380
Staff,10291
Couldn't be improved,45
Environment/ facilities,8368
Staff,2721
Staff,3581
Couldn't be improved,9862
Access,4430
Staff,3932
